Title,Year,Manufacturer,USD Price,Original Currency,Condition,Frame Size,Wheel Size,Front Travel,Rear Travel,Material
2022 Evil the Offering - Medium,2022,Evil,3750,USD,"Good - Used, Mechanically Sound",M,"29""",160 mm,140 mm,Carbon Fiber
2023 Forbidden Dreadnaught Mullet Medium*DREAM BUILD*,2023,Forbidden,8700,USD,Excellent - Lightly Ridden,M,"29""",170 mm,155 mm,Carbon Fiber
2024 Yeti SB140 Lunch Ride Pro Level Build Medium Black,2024,Yeti,8999,USD,Excellent - Lightly Ridden,M,"29""",160 mm,140 mm,Carbon Fiber
2022 We Are One Arrival 152 sp2,2022,We Are One,4155,CAD,Excellent - Lightly Ridden,XL,"29""",160 mm,153 mm,Carbon Fiber
2023 Dreadnought V1 Large,2023,,5000,USD,Excellent - Lightly Ridden,L,"29""",170 mm,155 mm,Carbon Fiber
"2022 Evil Wreckoning, M, Loaded, AXS, Will Split Shipping",2022,Evil,5500,USD,Excellent - Lightly Ridden,M,"29""",180 mm,170 mm,Carbon Fiber
2024 Trek Slash 9.9 X0 AXS T-Type Gen 6,2024,Trek,6500,USD,Excellent - Lightly Ridden,M,"29""",170 mm,170 mm,Carbon Fiber
2023 Norco sight A2,2023,Norco,2259,USD,Excellent - Lightly Ridden,S,"27.5"" / 650B",160 mm,150 mm,Aluminium
2022 Specialized Status,2022,Specialized,2000,USD,"Good - Used, Mechanically Sound",L,"29""",160 mm,160 mm,Aluminium
2019 Trek Slash 8 Medium,2019,Trek,1600,USD,"Good - Used, Mechanically Sound",M,"29""",160 mm,150 mm,Aluminium
2023 Norco Range Mullet,2023,Norco,4500,USD,Excellent - Lightly Ridden,S,"29""",180 mm,170 mm,Carbon Fiber
2020 Scott Ransom 910,2020,Scott,1458,CAD,"Good - Used, Mechanically Sound",XL,"29""",170 mm,170 mm,Carbon Fiber
2024 INTENSE Tracer 279 Pro,2024,Intense,5030,CAD,New - Unridden/With Tags,M,,170 mm,170 mm,Carbon Fiber
2021 Mondraker Foxy Carbon XR - Brand New w/extras,2021,Mondraker,4301,CAD,New - Unridden/With Tags,M,"29""",170 mm,150 mm,Carbon Fiber
2023 Trek Slash 9.8 v5 size M,2023,Trek,3499,CAD,Excellent - Lightly Ridden,M,"29""",170 mm,160 mm,Carbon Fiber
2020 Ibis HD4 X01 Medium | Carbon Wheels | Tons of Upgrades,2020,Ibis,4100,USD,"Good - Used, Mechanically Sound",M,"27.5"" / 650B",170 mm,153 mm,Carbon Fiber
2021 Evil Wreckoning,2021,Evil,3463,CAD,"Good - Used, Mechanically Sound",XL,"29""",170 mm,170 mm,Carbon Fiber
2023 Norco Range C2 Small,2023,Norco,3000,USD,Excellent - Lightly Ridden,S,"29""",170 mm,170 mm,Carbon Fiber
2016 Trek Slash 9.9 Enduro,2016,Trek,1458,CAD,"Good - Used, Mechanically Sound",M,"27.5"" / 650B",160 mm,160 mm,Carbon Fiber
2024 Trek Slash Gen 6,2024,Trek,5500,USD,Excellent - Lightly Ridden,XL,"29""",170 mm,170 mm,Carbon Fiber
2020 Large Santa Cruz Bronson CS,2020,Santa Cruz,2916,CAD,"Good - Used, Mechanically Sound",L,"27.5"" / 650B",170 mm,150 mm,Carbon Fiber
2022 We Are One Arrival,2022,We Are One,4450,USD,"Good - Used, Mechanically Sound",XL,"29""",160 mm,150 mm,Carbon Fiber
2015 Norco Range A7.1 Size L - great starter full sus. bike,2015,Norco,750,USD,"Good - Used, Mechanically Sound",L,"27.5"" / 650B",160 mm,160 mm,Aluminium
2018 Specialized Enduro Pro XL,2018,Specialized,1700,USD,"Good - Used, Mechanically Sound",XL,"27.5"" / 650B",170 mm,170 mm,Carbon Fiber
2023 Norco Fluid FS Large with upgrades,2023,Norco,2770,CAD,Excellent - Lightly Ridden,L,"29""",160 mm,130 mm,Aluminium
2022 YT capra UPGRADED,2022,YT,2599,USD,"Good - Used, Mechanically Sound",L,"29""",170 mm,170 mm,Aluminium
2021 Intense CArbine,2021,Intense,2500,USD,Excellent - Lightly Ridden,M,"29""",160 mm,160 mm,Carbon Fiber
2024 Marin Alpine Trail 1 - Flip Chip & Headset Adjust,2024,Marin,3199,USD,New - Unridden/With Tags,L,"29""",170 mm,160 mm,Aluminium
2024 Propain Spindrift CF 29,2024,Propain,5500,USD,Excellent - Lightly Ridden,L,"29""",190 mm,180 mm,Carbon Fiber
"2023 Santa Cruz Megatower CC, XO AXS RSV (L)",2023,Santa Cruz,5150,USD,"Good - Used, Mechanically Sound",L,"29""",170 mm,160 mm,Carbon Fiber
2023 Rocky Mountain Altitude Carbon Shimano-Medium,2023,Rocky Mountain,4957,CAD,New - Unridden/With Tags,M,"29""",170 mm,160 mm,Carbon Fiber
"2019 YETI SB6 Turq C Series--Small--27.5"" Wheels",2019,Yeti,2400,USD,"Good - Used, Mechanically Sound",S,"27.5"" / 650B",170 mm,160 mm,Carbon Fiber
2018 Giant Reign,2018,Giant,1500,USD,"Good - Used, Mechanically Sound",M,"29""",170 mm,160 mm,Aluminium
2018 Commencal Meta 4.2 AM,2018,Commencal,1786,CAD,"Good - Used, Mechanically Sound",L,"27.5"" / 650B",170 mm,160 mm,Aluminium
2022 Commencal Clash,2022,Commencal,2300,USD,"Good - Used, Mechanically Sound",XL,"27.5"" / 650B",180 mm,180 mm,Aluminium
2024 Santa Cruz Megatower C S - under 30 miles,2024,Santa Cruz,4400,USD,Excellent - Lightly Ridden,M,"29""",170 mm,160 mm,Carbon Fiber
2021 Transition Spire,2021,Transition,4600,USD,"Good - Used, Mechanically Sound",M,"29""",180 mm,170 mm,Carbon Fiber
2019 Yeti SB6 Turq XT/XO build - New Price,2019,Yeti,2989,CAD,Excellent - Lightly Ridden,M,"27.5"" / 650B",170 mm,150 mm,Carbon Fiber
2020 Kona Process 153 DL 29 w/ Lyrik Ult,2020,Kona,2114,CAD,Excellent - Lightly Ridden,L,"29""",160 mm,153 mm,Aluminium
2022 Pivot Mach 6 XT/XTR COIL,2022,Pivot,3500,USD,"Good - Used, Mechanically Sound",L,"27.5"" / 650B",160 mm,160 mm,Carbon Fiber
2022 Transition Spire Large alloy XT build,2022,Transition,3281,CAD,"Good - Used, Mechanically Sound",L,"29""",170 mm,170 mm,Aluminium
2024 Transition Patrol - SRAM X0 AXS - Large,2024,Transition,4750,USD,Excellent - Lightly Ridden,L,"29""",160 mm,160 mm,Carbon Fiber
2016 Norco Range A7.1,2016,Norco,1312,CAD,"Good - Used, Mechanically Sound",M,"27.5"" / 650B",170 mm,160 mm,Aluminium
2022 Pivot Switchblade XO1,2022,Pivot,2700,USD,Excellent - Lightly Ridden,L,"29""",160 mm,140 mm,Carbon Fiber
2023 YETI SB 165,2023,Yeti,3572,CAD,"Good - Used, Mechanically Sound",S,"27.5"" / 650B",180 mm,170 mm,Carbon Fiber
2019 ROCKY MOUNTAIN SLAYER - CUSTOM BUILD,2019,Rocky Mountain,2333,CAD,"Good - Used, Mechanically Sound",S,"27.5"" / 650B",170 mm,170 mm,Carbon Fiber
2023 Pivot Firebird Large,2023,Pivot,5103,CAD,Excellent - Lightly Ridden,L,"29""",170 mm,160 mm,Carbon Fiber
Specialized S-Works Enduro S3 mullet,,Specialized,2989,CAD,"Good - Used, Mechanically Sound",M,,170 mm,170 mm,Carbon Fiber
2021 Scott Ransom 900 Tuned,2021,Scott,3827,CAD,"Good - Used, Mechanically Sound",L,"29""",170 mm,170 mm,Carbon Fiber
2020 Yeti SB165 T2 - Small,2020,Yeti,3499,CAD,Excellent - Lightly Ridden,S,"27.5"" / 650B",180 mm,160 mm,Carbon Fiber
2023 Price Drop: Trek Slash 9.7 M/L w/WAO wheels,2023,Trek,3100,USD,Excellent - Lightly Ridden,"18.5""","29""",170 mm,160 mm,Carbon Fiber
2023 Custom Revel Rail 29 - New Build,2023,Revel,4199,USD,Excellent - Lightly Ridden,L,"29""",160 mm,155 mm,Carbon Fiber
2022 Evil Wreckoning,2022,Evil,4000,USD,"Good - Used, Mechanically Sound",M,"29""",170 mm,170 mm,Carbon Fiber
2023 Custom Knolly Warden 168 GX Fox Factory,2023,Knolly,2552,CAD,Excellent - Lightly Ridden,L,"27.5"" / 650B",170 mm,170 mm,Aluminium
2019 Long Travel carbon Hightower by Santa Cruz,2019,Santa Cruz,2800,USD,"Good - Used, Mechanically Sound",L,"29""",150 mm,150 mm,Carbon Fiber
2023 Kona Process X,2023,Kona,4000,USD,New - Unridden/With Tags,L,"29""",170 mm,160 mm,Carbon Fiber
2021 Transition Spire,2021,Transition,4000,USD,"Good - Used, Mechanically Sound",M,"29""",170 mm,170 mm,Aluminium
2018 Intense Carbine Pro with Upgrades - Open to Trades,2018,Intense,2600,USD,"Good - Used, Mechanically Sound",M,"29""",160 mm,155 mm,Carbon Fiber
2021 S-Works Carbon Stumpjumper EVO,2021,,3000,USD,Excellent - Lightly Ridden,L,"29""",160 mm,155 mm,Carbon Fiber
2023 Devinci Spartan Carbon GX 12spd,2023,Devinci,3599,USD,New - Unridden/With Tags,M,"29""",170 mm,160 mm,Carbon Fiber
2018 Norco Sight C7,2018,Norco,2041,CAD,"Good - Used, Mechanically Sound",XS,"27.5"" / 650B",150 mm,150 mm,Carbon Fiber
Pivot moc 6 firebird XS frame 27.5 wheels,,Pivot,2000,USD,"Good - Used, Mechanically Sound",XS,"27.5"" / 650B",160 mm,160 mm,Carbon Fiber
2020 Norco Fluid FS2 24,2020,Norco,1200,USD,"Good - Used, Mechanically Sound",S,"24""",140 mm,120 mm,Aluminium
2020 Transition Patrol GX Alloy build w/ Fox 38,2020,Transition,2100,USD,"Good - Used, Mechanically Sound",L,"27.5"" / 650B",170 mm,160 mm,Aluminium
2023 YT Capra unchained 10 mullet,2023,YT,2300,USD,Excellent - Lightly Ridden,XXL,"29""",160 mm,170 mm,Aluminium
2021 Specialized S-Works Enduro,2021,Specialized,6500,USD,Excellent - Lightly Ridden,L,"29""",170 mm,170 mm,Carbon Fiber
2021 Giant Reign Advanced Pro 1,2021,Giant,2479,CAD,Excellent - Lightly Ridden,L,"29""",160 mm,145 mm,Carbon Fiber
2022 Commencal Clash Ride Park Edition,2022,Commencal,2000,USD,Excellent - Lightly Ridden,L,"27.5"" / 650B",190 mm,170 mm,Aluminium
Custom Build - Intense Tracer 275,,Intense,1823,CAD,Excellent - Lightly Ridden,M,"27.5"" / 650B",160 mm,160 mm,Aluminium
2023 Santa Cruz Megatower CC XO1 Medium-upgrades,2023,Santa Cruz,4000,USD,Excellent - Lightly Ridden,M,"29""",170 mm,170 mm,Carbon Fiber
"2022 YT 29"" CAPRA UNCAGED 6 (w Flight Attendant) Large",2022,YT,4700,USD,Excellent - Lightly Ridden,L,"29""",170 mm,170 mm,Carbon Fiber
2023 Yt Capra core 4 medium mullet,2023,YT,4600,USD,Excellent - Lightly Ridden,M,"27.5"" / 650B",170 mm,170 mm,Carbon Fiber
2021 Liv Intrigue Medium,2021,Liv,1531,CAD,"Good - Used, Mechanically Sound",M,"27.5"" / 650B",150 mm,140 mm,Aluminium
2021 Transition Sentinel X01 Large Carbon Wheels/bars,2021,Transition,3800,USD,Excellent - Lightly Ridden,L,"29""",160 mm,150 mm,Carbon Fiber
"2020 Pivot Mach 6 Carbon XT, sz LG - Final PRICE REDUCTION",2020,Pivot,1950,USD,"Good - Used, Mechanically Sound",L,"27.5"" / 650B",160 mm,155 mm,Carbon Fiber
2017 Transition Patrol L (w/ M option) Ultimate X01 Carbon,2017,Transition,1490,USD,"Good - Used, Mechanically Sound",L,"27.5"" / 650B",170 mm,155 mm,Carbon Fiber
2022 Cannondale Jekyll 1 ; Small ; Upgraded,2022,Cannondale,4000,USD,"Good - Used, Mechanically Sound",S,"29""",170 mm,160 mm,Carbon Fiber
2023 Santa Cruz Hightower V3 / Cascade Link / i9 E315C,2023,Santa Cruz,4000,USD,"Good - Used, Mechanically Sound",S,"29""",160 mm,155 mm,Carbon Fiber
2022 YT Capra Uncaged 6 (Flight Attendant) BRAND NEW,2022,YT,5103,CAD,New - Unridden/With Tags,L,"29""",170 mm,160 mm,Carbon Fiber
2022 Giant Reign Advanced Pro 29 1(BRAND NEW),2022,Giant,3645,CAD,New - Unridden/With Tags,L,"29""",170 mm,145 mm,Carbon Fiber
2023 RSD RS 291 in XL,2023,RSD,1677,CAD,Excellent - Lightly Ridden,XL,"29""",160 mm,0 mm (Hardtail),Chromoly
2021 Ibis Ripmo V2 Carbon,2021,Ibis,2450,USD,Excellent - Lightly Ridden,L,"29""",160 mm,145 mm,Carbon Fiber
2023 Large Tyee AL w/ New Components,2023,,2500,USD,Excellent - Lightly Ridden,L,"29""",160 mm,160 mm,Aluminium
2022 Canfield Lithium,2022,Canfield,2250,USD,Excellent - Lightly Ridden,M,"29""",170 mm,160 mm,Aluminium
2019 Commencal Clash,2019,Commencal,4000,USD,"Good - Used, Mechanically Sound",L,"27.5"" / 650B",180 mm,160 mm,Aluminium
2023 Norco Range Medium,2023,Norco,3000,USD,Excellent - Lightly Ridden,M,"29""",170 mm,170 mm,Carbon Fiber
2022 Revel Rail 29  Small,2022,Revel,3900,USD,"Good - Used, Mechanically Sound",S,"29""",160 mm,155 mm,Carbon Fiber
2020 Medium Evil Wreckoning LB w/ Push ElevenSix,2020,Evil,2900,USD,"Good - Used, Mechanically Sound",M,"29""",160 mm,160 mm,Carbon Fiber
2022 Transition Scout,2022,Transition,1900,USD,Excellent - Lightly Ridden,S,"27.5"" / 650B",150 mm,140 mm,Aluminium
"2022 Santa Cruz Nomad c 5 22-23 Large, Custom build 32.5lbs",2022,Santa Cruz,4100,USD,"Good - Used, Mechanically Sound",L,"27.5"" / 650B",170 mm,170 mm,Carbon Fiber
2024 specialized enduro s works s3,2024,Specialized,3500,USD,Excellent - Lightly Ridden,M,"29""",170 mm,170 mm,Carbon Fiber
2022 Scott Ransom 920,2022,Scott,2187,CAD,Excellent - Lightly Ridden,M,"29""",170 mm,170 mm,Aluminium
2014 First Generation Santa Cruz Bronson,2014,Santa Cruz,2500,USD,"Good - Used, Mechanically Sound",L,"27.5"" / 650B",160 mm,150 mm,Carbon Fiber
2021 Specialized S-Works Enduro 29 S4,2021,Specialized,7217,CAD,Excellent - Lightly Ridden,L,"29""",180 mm,180 mm,Carbon Fiber
2020 Specialized Stumpjumper EVO comp CARBON (S2 size),2020,Specialized,2406,CAD,Excellent - Lightly Ridden,S,"29""",160 mm,150 mm,Carbon Fiber
2023 Cannondale Jekyll,2023,Cannondale,4000,USD,Excellent - Lightly Ridden,M,"29""",170 mm,160 mm,Carbon Fiber
2021 Santa Cruz Mega Tower -,2021,Santa Cruz,3500,USD,Excellent - Lightly Ridden,XXL,"29""",180 mm,160 mm,Carbon Fiber
2023 Orbea Rallon M10 with mullet option. **Price Reduced**,2023,Orbea,3499,CAD,Excellent - Lightly Ridden,S,"29""",170 mm,160 mm,Carbon Fiber
2024 Santa Cruz Megatower,2024,Santa Cruz,4499,USD,New - Unridden/With Tags,L,"29""",170 mm,160 mm,Carbon Fiber
2016 Norco Range A7.1 - 27.5 size medium,2016,Norco,1531,CAD,"Good - Used, Mechanically Sound",M,"27.5"" / 650B",170 mm,160 mm,Aluminium
2023 Insurgent LS MX - Ridden twice! Basically brand new.,2023,,6000,USD,Excellent - Lightly Ridden,M,"29""",170 mm,170 mm,Carbon Fiber
2018 Intense Tracer 27.5 XL Carbon Custom Build,2018,Intense,2999,USD,"Good - Used, Mechanically Sound",XL,"27.5"" / 650B",160 mm,160 mm,Carbon Fiber
2021 Specialized Status 160 S2,2021,Specialized,2200,USD,Excellent - Lightly Ridden,M,"29""",160 mm,,Aluminium
2018 Giant Reign Advanced - Carbon - S,2018,Giant,1823,CAD,Excellent - Lightly Ridden,S,"27.5"" / 650B",160 mm,160 mm,Carbon Fiber
2021 Yeti SB150 C2 with Factory Upgrade,2021,Yeti,3791,CAD,"Good - Used, Mechanically Sound",M,"29""",170 mm,150 mm,Carbon Fiber
2021 Santa Cruz Nomad CC XO1 Eagle AXS RSV - Medium,2021,Santa Cruz,4500,USD,Excellent - Lightly Ridden,M,"27.5"" / 650B",180 mm,170 mm,Carbon Fiber
2022 Orbea Rallon M10 Mulberry L,2022,Orbea,3500,USD,"Good - Used, Mechanically Sound",L,"29""",170 mm,160 mm,Carbon Fiber
2022 Large Fox Factory/i9 Hydras Knolly Warden LT,2022,Knolly,2770,CAD,"Good - Used, Mechanically Sound",L,"27.5"" / 650B",170 mm,170 mm,Aluminium
2018 Rocky mountain Altitude Carbon c50,2018,Rocky Mountain,1677,CAD,"Good - Used, Mechanically Sound",XS,"27.5"" / 650B",150 mm,160 mm,Carbon Fiber
2023 Santa Cruz Megatower v2 RSV ASX,2023,Santa Cruz,4775,CAD,Excellent - Lightly Ridden,XL,"29""",170 mm,170 mm,Carbon Fiber
2018 Pivot Mach 6 Large MX wheel,2018,Pivot,2800,USD,"Good - Used, Mechanically Sound",L,"27.5"" / 650B",160 mm,155 mm,Carbon Fiber
2022 Pivot Cycles Mach 6 Pro X01 Coil,2022,Pivot,4100,USD,Excellent - Lightly Ridden,M,"27.5"" / 650B",160 mm,160 mm,Carbon Fiber
2020 REEB Sqweeb V3 size MEDIUM,2020,Reeb,2750,USD,"Good - Used, Mechanically Sound",M,"29""",150 mm,130 mm,Aluminium
2018 Santa Cruz Nomad CC with Reserve carbon rims!,2018,Santa Cruz,2800,USD,"Good - Used, Mechanically Sound",M,"27.5"" / 650B",170 mm,170 mm,Carbon Fiber
2022 Forbidden Druid Medium For Sale,2022,Forbidden,3200,USD,"Good - Used, Mechanically Sound",M,"29""",160 mm,143 mm,Carbon Fiber
2021 Specialized Enduro Expert Size S2,2021,Specialized,3100,USD,"Good - Used, Mechanically Sound",S,"29""",170 mm,170 mm,Carbon Fiber
2017 Yeti SB5 Beti TURQ X01 Eagle Medium (womens specific),2017,Yeti,2800,USD,Excellent - Lightly Ridden,M,"27.5"" / 650B",150 mm,130 mm,Carbon Fiber
2018 Evil The Wreckoning,2018,Evil,1895,CAD,"Good - Used, Mechanically Sound",M,"29""",160 mm,160 mm,Carbon Fiber
2018 Selling Scott Voltage FR 720 M,2018,Scott,1050,USD,Excellent - Lightly Ridden,M,"27.5"" / 650B",180 mm,180 mm,Aluminium
2020 Ibis Mojo HD5 Size SM,2020,Ibis,2600,USD,"Good - Used, Mechanically Sound",S,"27.5"" / 650B",170 mm,153 mm,Carbon Fiber
2021 Transition spire,2021,Transition,3000,USD,"Good - Used, Mechanically Sound",M,"29""",170 mm,170 mm,Aluminium
2020 Norco Sight A1 - Large,2020,Norco,2333,CAD,"Good - Used, Mechanically Sound",L,"29""",160 mm,150 mm,Aluminium
2022 PIVOT FIREBIRD PRO XT/XTR - LG - 29er + Mullet set up,2022,Pivot,5300,USD,Excellent - Lightly Ridden,L,"29""",180 mm,170 mm,Carbon Fiber
2022 Rocky Mountain Instinct,2022,Rocky Mountain,1800,USD,Excellent - Lightly Ridden,M,"29""",150 mm,150 mm,Aluminium
2021 Status 160 S3,2021,,2151,CAD,Excellent - Lightly Ridden,M,"27.5"" / 650B",160 mm,155 mm,Aluminium
"2022 Guerrilla Gravity Smash Rally, 2x M/L 2x and 2x L/XL",2022,,2250,USD,Excellent - Lightly Ridden,L,"29""",150 mm,145 mm,Carbon Fiber
2022 Guerrilla Gravity Megatrail 27.5 2x S/M,2022,,2250,USD,Excellent - Lightly Ridden,S,"27.5"" / 650B",150 mm,155 mm,Carbon Fiber
2022 Norco Range C3 With Upgrades,2022,Norco,4082,CAD,Excellent - Lightly Ridden,L,"29""",170 mm,170 mm,Carbon Fiber
"2021 YT Capra Pro AL 27.5 XXL w/Kitsuma coil, Hope brakes",2021,YT,2995,USD,"Good - Used, Mechanically Sound",XXL,"27.5"" / 650B",180 mm,180 mm,Aluminium
2018 Giant Reign 2,2018,Giant,1312,CAD,"Good - Used, Mechanically Sound",S,"27.5"" / 650B",160 mm,160 mm,Aluminium
2021 Specialized S-Works Enduro MULLET S3,2021,Specialized,4250,USD,"Good - Used, Mechanically Sound",M,"29""",180 mm,170 mm,Carbon Fiber
2022 BRAND NEW Juliana Rubion CC,2022,Juliana,4400,USD,New - Unridden/With Tags,M,"29""",160 mm,150 mm,Carbon Fiber
2022 Canfield Lithium XL,2022,Canfield,3800,USD,"Good - Used, Mechanically Sound",XL,"29""",160 mm,160 mm,Aluminium
2020 S-WORKS Enduro with Upgrades,2020,,5700,USD,"Good - Used, Mechanically Sound",L,"29""",170 mm,170 mm,Carbon Fiber
2021 PIVOT MACH 6 /SMALL,2021,Pivot,3499,CAD,Excellent - Lightly Ridden,S,"27.5"" / 650B",160 mm,160 mm,Carbon Fiber
"2023 Chromag Rootdown TI - Md/Lg, XTR/XT, Fox160mm - 27.7lb",2023,Chromag,4995,USD,Excellent - Lightly Ridden,"18""","29""",160 mm,0 mm (Hardtail),Titanium
2021 Yeti SB 150,2021,Yeti,3281,CAD,Excellent - Lightly Ridden,XL,"29""",170 mm,150 mm,Carbon Fiber
2023 Santa Cruz Nomad 6 S Build Mx wheel Size Medium,2023,Santa Cruz,4500,USD,Excellent - Lightly Ridden,M,"29""",170 mm,170 mm,Carbon Fiber
2018 Custom Santa Cruz Hightower,2018,Santa Cruz,4500,USD,"Good - Used, Mechanically Sound",XL,"29""",150 mm,150 mm,Carbon Fiber
2022 Devinci eTroy A29 GX 12s,2022,Devinci,4500,USD,New - Unridden/With Tags,XL,"29""",160 mm,150 mm,Aluminium
2023 Norco Sight C2  with upgrades: Reduced price,2023,Norco,2916,CAD,Excellent - Lightly Ridden,L,"29""",160 mm,150 mm,Carbon Fiber
2022 Marin Alpine Trail XR w/AXS,2022,Marin,2300,USD,Excellent - Lightly Ridden,M,"29""",160 mm,150 mm,Aluminium
2024 Pivot Firebird / XX Transmission / Mullet / Medium,2024,Pivot,6500,USD,Excellent - Lightly Ridden,M,"29""",170 mm,170 mm,Carbon Fiber
2021 Giant Reign SX 29,2021,Giant,2333,CAD,"Good - Used, Mechanically Sound",XL,"29""",170 mm,145 mm,Aluminium
2023 Medium Transition Patrol Mullet Custom Build,2023,Transition,3500,USD,Excellent - Lightly Ridden,M,"27.5"" / 650B",170 mm,170 mm,Aluminium
2021 CUSTOM Specialized Enduro S4,2021,Specialized,3200,USD,"Good - Used, Mechanically Sound",L,"29""",170 mm,170 mm,Carbon Fiber
2022 Evil Wreckoning Large,2022,Evil,3000,USD,"Good - Used, Mechanically Sound",L,"29""",170 mm,160 mm,Carbon Fiber
2016 Giant Trance 2,2016,Giant,1400,USD,"Good - Used, Mechanically Sound",XL,"27.5"" / 650B",160 mm,160 mm,Aluminium
2022 Kona Honzo ESD - XL,2022,Kona,1700,USD,Excellent - Lightly Ridden,XL,"29""",150 mm,0 mm (Hardtail),Chromoly
2020 Trek Slash 9.9 Carbon XO Custom,2020,Trek,2005,CAD,"Good - Used, Mechanically Sound",L,"29""",170 mm,160 mm,Carbon Fiber
"2023 Revel Rail, Custom",2023,Revel,2186,CAD,Excellent - Lightly Ridden,L,"27.5"" / 650B",170 mm,170 mm,Carbon Fiber
2019 Canyon Torque Cf 9 Medium - Big Price Reduction!,2019,Canyon,3000,USD,"Good - Used, Mechanically Sound",M,"27.5"" / 650B",180 mm,170 mm,Carbon Fiber
2022 LOWERD PRICE StumpyEvo LTD Ultimate Lyrik/Coil Cascade,2022,,2150,USD,"Good - Used, Mechanically Sound",M,"29""",170 mm,155 mm,Aluminium
2023 Transition Sentinel - Large,2023,Transition,3000,USD,Excellent - Lightly Ridden,L,"29""",160 mm,150 mm,Aluminium
2023 Evil Wreckoning LS medium with carbon wheels,2023,Evil,4739,CAD,Excellent - Lightly Ridden,M,"29""",170 mm,170 mm,Carbon Fiber
"2020 Transition Patrol Carbon X01, Large",2020,Transition,2600,USD,"Good - Used, Mechanically Sound",L,"27.5"" / 650B",170 mm,160 mm,Carbon Fiber
2023 Custom Giant Reign SX 180/165mm travel freshly rebuilt,2023,Giant,2544,CAD,Excellent - Lightly Ridden,M,"29""",180 mm,160 mm,Aluminium
2018 Piviot Firebird DREAM BUILD,2018,,2406,CAD,Excellent - Lightly Ridden,L,"27.5"" / 650B",180 mm,180 mm,Carbon Fiber
"2023 Norco Sight C1, SRAM AXS & CrankBro Carbon Wheels",2023,Norco,4500,USD,"Good - Used, Mechanically Sound",L,"29""",160 mm,150 mm,Carbon Fiber
2020 Giant Reign Advanced Carbon,2020,Giant,2114,CAD,Excellent - Lightly Ridden,M,"27.5"" / 650B",170 mm,160 mm,Carbon Fiber
2022 YETI SB150 CARBON TURQ LR T4 XX Large,2022,Yeti,8000,USD,New - Unridden/With Tags,L,"29""",170 mm,155 mm,Carbon Fiber
2022 Yeti SB150 T1 - Medium,2022,Yeti,3000,USD,Excellent - Lightly Ridden,M,"29""",170 mm,150 mm,Carbon Fiber
2019 Kona Process 153 CR/DL,2019,Kona,2800,USD,Excellent - Lightly Ridden,M,"29""",160 mm,153 mm,Carbon Fiber
"2018 Knolly Warden Carbon (Avalanche, XX1, Carbon Derby)",2018,Knolly,2995,USD,Excellent - Lightly Ridden,L,"27.5"" / 650B",160 mm,155 mm,Carbon Fiber
2019 Rocky Mountain Slayer,2019,Rocky Mountain,1500,USD,"Good - Used, Mechanically Sound",XL,"27.5"" / 650B",170 mm,160 mm,Carbon Fiber
2021 Specialized Status 140,2021,Specialized,1500,USD,"Good - Used, Mechanically Sound",M,"29""",140 mm,140 mm,Aluminium
2021 Reeb Sqweeb V3,2021,Reeb,3599,USD,"Good - Used, Mechanically Sound",M,"29""",150 mm,130 mm,Aluminium
2017 Transition Scout *PRICE DROP NEED GONE*,2017,Transition,2400,USD,Excellent - Lightly Ridden,L,"27.5"" / 650B",140 mm,130 mm,Carbon Fiber
2019 Norco Sight C Medium,2019,Norco,2500,USD,"Good - Used, Mechanically Sound",M,"29""",160 mm,150 mm,Carbon Fiber
2022 Rocky Mountain Slayer C70,2022,Rocky Mountain,3644,CAD,New - Unridden/With Tags,M,"29""",180 mm,170 mm,Carbon Fiber
2022 Niner WFO 3-Star Build,2022,Niner,3300,USD,New - Unridden/With Tags,M,"29""",180 mm,170 mm,Carbon Fiber
2017 Ibis Mojo HD4,2017,Ibis,1950,USD,"Good - Used, Mechanically Sound",M,"27.5"" / 650B",160 mm,140 mm,Carbon Fiber
2022 knolly Chilcotin,2022,Knolly,2800,USD,Excellent - Lightly Ridden,L,"29""",180 mm,160 mm,Aluminium
2019 Norco Sight - $1000+ spent on recent service,2019,Norco,2405,CAD,"Good - Used, Mechanically Sound",L,"29""",160 mm,130 mm,Carbon Fiber
2020 Kona Process 153 CR 29 - Medium,2020,Kona,2100,USD,"Good - Used, Mechanically Sound",M,"29""",160 mm,153 mm,Carbon Fiber
2018 Giant Reign | Large | Updated!,2018,Giant,1500,USD,"Good - Used, Mechanically Sound",L,"27.5"" / 650B",170 mm,160 mm,Aluminium
2023 Custom Scor 4060 LT Large,2023,Scor,8500,USD,Excellent - Lightly Ridden,L,"29""",170 mm,170 mm,Carbon Fiber
2020 Knolly Fugitive LT full custom build UPDATED,2020,Knolly,2999,USD,Excellent - Lightly Ridden,XL,"29""",160 mm,135 mm,Aluminium
2018 Specialized Enduro Pro 29er,2018,Specialized,1700,USD,"Good - Used, Mechanically Sound",L,"29""",160 mm,160 mm,Carbon Fiber
2021 **Price Drop**Fully Upgraded Commencal Meta AM,2021,Commencal,2800,USD,Excellent - Lightly Ridden,L,"29""",170 mm,170 mm,Aluminium
2020 Santa Cruz Hightower w/Cascade Link Zeb Ultimate,2020,Santa Cruz,3100,USD,Excellent - Lightly Ridden,XL,"29""",160 mm,145 mm,Carbon Fiber
2021 Giant Reign SX,2021,Giant,2552,CAD,"Good - Used, Mechanically Sound",L,"29""",170 mm,150 mm,Aluminium
2021 Trek Slash 9.8,2021,Trek,3281,CAD,"Good - Used, Mechanically Sound",M,"29""",170 mm,170 mm,Carbon Fiber
2021 Canfield Lithium tons of upgrades,2021,Canfield,2900,USD,"Good - Used, Mechanically Sound",L,"29""",170 mm,160 mm,Aluminium
2023 Nukeproof Mega 290 New XO1 Custom Build,2023,Nukeproof,3790,CAD,New - Unridden/With Tags,XL,"29""",170 mm,160 mm,Carbon Fiber
2023 Deviate Highlander 150 Brand New Custom XTR Build,2023,Deviate,3790,CAD,New - Unridden/With Tags,XL,"29""",160 mm,150 mm,Carbon Fiber
2023 Norco Range C1 large,2023,Norco,3999,USD,Excellent - Lightly Ridden,L,"29""",170 mm,170 mm,Carbon Fiber
2018 SANTA CRUZ NOMAD C 27.5,2018,Santa Cruz,2916,CAD,"Good - Used, Mechanically Sound",M,"27.5"" / 650B",180 mm,170 mm,Carbon Fiber
2017 Commencal Meta AM v4.2 Large,2017,Commencal,3000,USD,"Good - Used, Mechanically Sound",L,"27.5"" / 650B",170 mm,160 mm,Aluminium
2015 Pristine Santa Cruz Bronson C,2015,Santa Cruz,1094,CAD,Excellent - Lightly Ridden,L,"27.5"" / 650B",150 mm,150 mm,Carbon Fiber
2024 Pivot Mach 6 MX - Mixed Wheel,2024,Pivot,4556,CAD,Excellent - Lightly Ridden,M,"29""",160 mm,160 mm,Carbon Fiber
2021 Intense Tracer 275 - Custom Build,2021,Intense,3000,USD,Excellent - Lightly Ridden,L,"27.5"" / 650B",170 mm,160 mm,Carbon Fiber
Evil Wreckoning CUSTOM *NEW + e-SHIFTING (M setup),,Evil,5000,USD,New - Unridden/With Tags,,"29""",160 mm,155 mm,Carbon Fiber
"2013 Yeti ASR5C FULL CARBON i9 Hubs, Tubeless, etc.",2013,Yeti,825,USD,"Good - Used, Mechanically Sound",M,"26""",160 mm,150 mm,Carbon Fiber
2022 Norco Sight,2022,Norco,3500,USD,Excellent - Lightly Ridden,XL,"29""",160 mm,140 mm,Carbon Fiber
2021 Santa Cruz Megatower C - Large,2021,Santa Cruz,4010,CAD,"Good - Used, Mechanically Sound",L,"29""",160 mm,160 mm,Carbon Fiber
2022 Trek Slash Medium Large,2022,Trek,2500,USD,"Good - Used, Mechanically Sound",,"29""",170 mm,160 mm,Aluminium
2020 Specialized - Enduro Expert - S2,2020,Specialized,2989,CAD,"Good - Used, Mechanically Sound",S,"29""",170 mm,170 mm,Carbon Fiber
2021 Specialized Stumpjumper EVO S-Works S3 carbon wheels,2021,Specialized,3050,USD,Excellent - Lightly Ridden,M,"29""",160 mm,150 mm,Carbon Fiber
2019 YETI SB5+,2019,Yeti,3200,USD,Excellent - Lightly Ridden,M,"27.5"" / 650B",150 mm,120 mm,Carbon Fiber
2023 Ibis Ripmo V2S fox 38 factory,2023,Ibis,5500,USD,"Good - Used, Mechanically Sound",L,"29""",170 mm,150 mm,Carbon Fiber
"2014 Trek Remedy 9 (Small) 29""",2014,Trek,1021,CAD,Excellent - Lightly Ridden,S,"29""",140 mm,140 mm,Aluminium
2021 Cube Stereo SL 150 C:62,2021,,2770,CAD,Excellent - Lightly Ridden,XL,"29""",160 mm,150 mm,Carbon Fiber
"2022 Specialized Enduro S-Works, S4 Custom",2022,Specialized,3900,USD,"Good - Used, Mechanically Sound",L,"29""",170 mm,170 mm,Carbon Fiber
2023 23’ IBIS Ripmo AF - Park Build,2023,Ibis,2800,USD,Excellent - Lightly Ridden,L,"29""",160 mm,153 mm,Aluminium
2022 *PRICE DROP* Niner WFO 9 RDO Medium 3-Star,2022,Niner,2500,USD,"Good - Used, Mechanically Sound",M,"29""",180 mm,170 mm,Carbon Fiber
2023 Transition Spire - Carbon GX Build,2023,Transition,3200,USD,Excellent - Lightly Ridden,L,"29""",170 mm,170 mm,Carbon Fiber
2022 Giant Reign Advanced Pro 29er XL,2022,Giant,3281,CAD,Excellent - Lightly Ridden,XL,"29""",170 mm,145 mm,Carbon Fiber
2021 Pivot Firebird Pro XO1,2021,Pivot,4500,USD,"Good - Used, Mechanically Sound",L,"29""",170 mm,160 mm,Carbon Fiber
2022 Transition Sentinel V2 Carbon / Lyrik Ultimate,2022,Transition,3950,USD,"Good - Used, Mechanically Sound",L,"29""",160 mm,150 mm,Carbon Fiber
2021 Canfield Balance,2021,Canfield,2000,USD,"Good - Used, Mechanically Sound",L,"27.5"" / 650B",170 mm,170 mm,Aluminium
2024 Santa Cruz Nomad 6 CC XL *Top Build*,2024,Santa Cruz,5176,CAD,Excellent - Lightly Ridden,XL,"29""",170 mm,170 mm,Carbon Fiber
2020 Ransom 920 XL,2020,,2406,CAD,Excellent - Lightly Ridden,XL,"29""",170 mm,170 mm,Aluminium
2020 Intense Carbine Foundation - Black Silver Red,2020,Intense,2187,CAD,Excellent - Lightly Ridden,M,"29""",160 mm,150 mm,Carbon Fiber
2023 IBIS ripmo V2S Large + **UPGRADES**,2023,Ibis,6926,CAD,Excellent - Lightly Ridden,L,"29""",160 mm,155 mm,Carbon Fiber
2022 Santa Cruz nomad v5 LG,2022,Santa Cruz,4300,USD,Excellent - Lightly Ridden,L,"27.5"" / 650B",170 mm,170 mm,Carbon Fiber
2024 Yeti SB165 T3 XO Transmission Size Large Brand New,2024,Yeti,7900,USD,New - Unridden/With Tags,L,"27.5"" / 650B",170 mm,170 mm,Carbon Fiber
2017 TREK Remedy 8 Full Suspension Mountain Bike,2017,Trek,1731,CAD,"Good - Used, Mechanically Sound",L,"27.5"" / 650B",150 mm,150 mm,Aluminium
2021 Ibis Mojo HD5,2021,Ibis,3000,USD,"Good - Used, Mechanically Sound",M,"27.5"" / 650B",170 mm,153 mm,Carbon Fiber
Santa Cruz Bronson CC,,Santa Cruz,2600,USD,Excellent - Lightly Ridden,L,"27.5"" / 650B",160 mm,150 mm,Carbon Fiber
2021 scott ransom 920 size medium,2021,Scott,1823,CAD,"Good - Used, Mechanically Sound",M,"29""",170 mm,170 mm,Aluminium
2022 Transition Patrol (Large),2022,Transition,2800,USD,"Good - Used, Mechanically Sound",L,"29""",170 mm,170 mm,Aluminium
2023 Yeti SB160 T1,2023,Yeti,4739,CAD,Excellent - Lightly Ridden,XL,"29""",170 mm,160 mm,Carbon Fiber
2022 We Are One Composites The Arrival 152 SP2 Push Coil,2022,We Are One,5000,USD,Excellent - Lightly Ridden,L,"29""",160 mm,153 mm,Carbon Fiber
2018 YT Capra CF Pro,2018,YT,2500,USD,Excellent - Lightly Ridden,L,"27.5"" / 650B",170 mm,170 mm,Carbon Fiber
2022 Devinci Spartan Carbon GX 12S *$1700 OFF*,2022,Devinci,4227,CAD,New - Unridden/With Tags,L,"29""",170 mm,160 mm,Carbon Fiber
2019 Scott Ransom 900 Tuned size Large  **(REDUCED)**,2019,Scott,2187,CAD,"Good - Used, Mechanically Sound",L,"29""",170 mm,170 mm,Carbon Fiber
2022 NEW PRICE Trek Slash 8 GX Large,2022,Trek,2200,USD,Excellent - Lightly Ridden,L,"29""",160 mm,170 mm,Aluminium
2023 Giant Reign SX,2023,Giant,2000,USD,"Good - Used, Mechanically Sound",M,"29""",190 mm,170 mm,Aluminium
2021 Knolly Warden 168,2021,Knolly,2770,CAD,Excellent - Lightly Ridden,M,"27.5"" / 650B",170 mm,170 mm,Aluminium
2023 GT Force Pro Medium,2023,GT,2199,USD,Excellent - Lightly Ridden,M,"29""",170 mm,160 mm,Carbon Fiber
2020 Specialized Enduro w S-Works Frame Size Small,2020,Specialized,2600,USD,"Good - Used, Mechanically Sound",S,"29""",170 mm,170 mm,Carbon Fiber
"2022 Norco Sight C2, 29, L",2022,Norco,2770,CAD,Excellent - Lightly Ridden,L,"29""",160 mm,150 mm,Carbon Fiber
"2024 NEW Niner RIP 9 RDO, Fox Factory, Custom Build",2024,Niner,3400,USD,New - Unridden/With Tags,M,"29""",150 mm,140 mm,Carbon Fiber
"2021 Rocky Mountain Altitude, M Frame",2021,Rocky Mountain,2500,USD,"Good - Used, Mechanically Sound",M,"27.5"" / 650B",170 mm,160 mm,Aluminium
2022 Norco Sight C1 - Factory (**NEW 2024 X2 SHOCK**),2022,Norco,3645,CAD,Excellent - Lightly Ridden,XL,"29""",160 mm,150 mm,Carbon Fiber
2024 Yeti SB160 Medium Radium C2 GX Build,2024,Yeti,4600,USD,New - Unridden/With Tags,M,700C,170 mm,160 mm,Carbon Fiber
2020 PRICE REDUCTION - YT CAPRA Elite XL,2020,YT,2900,USD,"Good - Used, Mechanically Sound",XL,"29""",170 mm,170 mm,Carbon Fiber
2023 Specialized Stumpjumper Evo Boutique Build,2023,Specialized,5300,USD,Excellent - Lightly Ridden,XL,"29""",160 mm,150 mm,Carbon Fiber
"2023 Santa Cruz Megatower C, GX AXS RSV COIL",2023,Santa Cruz,4800,USD,Excellent - Lightly Ridden,L,"29""",170 mm,170 mm,Carbon Fiber
2023 Transition Sentinel XL,2023,Transition,3750,USD,"Good - Used, Mechanically Sound",XL,"29""",160 mm,150 mm,Carbon Fiber
2020 Trek Slash 9.7,2020,Trek,2200,USD,Excellent - Lightly Ridden,M,"29""",160 mm,150 mm,Carbon Fiber
2018 Transition Patrol ( upgraded susp ),2018,Transition,1677,CAD,"Good - Used, Mechanically Sound",L,"27.5"" / 650B",180 mm,160 mm,Aluminium
2020 Scott Genius 930,2020,Scott,2187,CAD,Excellent - Lightly Ridden,L,"29""",150 mm,150 mm,Carbon Fiber
2022 Generic (Chinese) frame enduro style large,2022,,2150,USD,Excellent - Lightly Ridden,L,"27.5"" / 650B",140 mm,140 mm,Aluminium
2019 Polygon Squareone EX9,2019,Polygon,2300,USD,"Good - Used, Mechanically Sound",L,"27.5"" / 650B",180 mm,180 mm,Carbon Fiber
2022 Rocky Mountain Instinct C70 XL,2022,Rocky Mountain,3135,CAD,"Good - Used, Mechanically Sound",XL,"29""",150 mm,140 mm,Carbon Fiber
2020 New Custom Intense Tracer 27.5,2020,Intense,3645,CAD,Excellent - Lightly Ridden,L,"27.5"" / 650B",170 mm,150 mm,Carbon Fiber
2023 Norco range C3,2023,Norco,3999,USD,Excellent - Lightly Ridden,M,"29""",170 mm,170 mm,Carbon Fiber
2023 *Mechanic Owned* Custom Norco Sight GX AXS,2023,Norco,4119,CAD,Excellent - Lightly Ridden,L,"27.5"" / 650B",160 mm,150 mm,Carbon Fiber
2023 Santa Cruz Bronson M GX AXS Dark Matter,2023,Santa Cruz,6999,USD,New - Unridden/With Tags,M,,160 mm,150 mm,Carbon Fiber
2022 Rocky Mountain Instinct/ Altitude NEED GONE,2022,Rocky Mountain,3300,USD,Excellent - Lightly Ridden,XL,"29""",170 mm,160 mm,Carbon Fiber
2023 Trek Top Fuel,2023,Trek,2400,USD,Excellent - Lightly Ridden,M,"29""",130 mm,120 mm,Aluminium
2021 Norco Torrent Steel w/ lyrik Ultimate,2021,Norco,2199,USD,Excellent - Lightly Ridden,M,"29""",160 mm,0 mm (Hardtail),Chromoly
2019 Custom Scott Ransom 910: 38 Fork + Carbon Wheelset,2019,Scott,3600,USD,"Good - Used, Mechanically Sound",L,"29""",170 mm,170 mm,Carbon Fiber
2014 COMMENCAL META AM (Custom Build),2014,Commencal,2000,USD,Excellent - Lightly Ridden,S,"27.5"" / 650B",160 mm,150 mm,Aluminium
2024 New Knolly Chilcotin 170 Team Edition - save 35%,2024,Knolly,3937,CAD,New - Unridden/With Tags,,"29""",170 mm,170 mm,Aluminium
2021 Yeti SB 165,2021,Yeti,6000,USD,Excellent - Lightly Ridden,L,"27.5"" / 650B",180 mm,170 mm,Carbon Fiber
2019 Transition Scout,2019,Transition,2000,USD,Excellent - Lightly Ridden,L,"27.5"" / 650B",150 mm,140 mm,Aluminium
2021 Rocky Mountain Altitude Large MX,2021,Rocky Mountain,2900,USD,"Good - Used, Mechanically Sound",L,"29""",180 mm,160 mm,Carbon Fiber
2018 Liv Hail Advanced 0,2018,Liv,1604,CAD,"Good - Used, Mechanically Sound",M,"27.5"" / 650B",160 mm,160 mm,Carbon Fiber
"2019 Fezzari La Sal Peak (Carbon, Medium, 170/150mm)",2019,,2500,USD,Excellent - Lightly Ridden,M,"29""",170 mm,150 mm,Carbon Fiber
2017 Medium Yeti SB 5.5,2017,Yeti,2990,USD,"Good - Used, Mechanically Sound",M,"29""",160 mm,140 mm,Carbon Fiber
2018 Transition Sentinel Large,2018,Transition,1640,CAD,"Good - Used, Mechanically Sound",L,"29""",160 mm,145 mm,Aluminium
2022 Evil Wreckoning,2022,Evil,3827,CAD,Excellent - Lightly Ridden,M,"29""",170 mm,160 mm,Carbon Fiber
2020 GT force carbon PRO,2020,GT,3426,CAD,Excellent - Lightly Ridden,M,"29""",160 mm,150 mm,Carbon Fiber
"2020 Yeti SB130 T1, Turq Frame, Size Lg",2020,Yeti,4100,USD,Excellent - Lightly Ridden,L,"29""",150 mm,130 mm,Carbon Fiber
2020 Santa Cruz Bronson CC X01 V3 XL-Reserve Carbon Rims,2020,Santa Cruz,3000,USD,"Good - Used, Mechanically Sound",XL,"27.5"" / 650B",160 mm,150 mm,Carbon Fiber
2020 GT Force - FIXED,2020,GT,2000,USD,"Good - Used, Mechanically Sound",M,"29""",170 mm,150 mm,Aluminium
"2020 EVIL WRECKONING, 10 MILES LIKE NEW, I9'S",2020,Evil,3599,USD,Excellent - Lightly Ridden,M,"29""",180 mm,160 mm,Carbon Fiber
2020 EVIL OFFERING XTR BUILD LESS THAN 75 MILES,2020,Evil,2599,USD,Excellent - Lightly Ridden,M,"29""",160 mm,140 mm,Carbon Fiber
2016 Rocky Mountain Altitude 799 MSL (M),2016,Rocky Mountain,1312,CAD,"Good - Used, Mechanically Sound",M,"27.5"" / 650B",160 mm,150 mm,Carbon Fiber
2018 Norco C1 Range,2018,Norco,1458,CAD,"Good - Used, Mechanically Sound",M,"27.5"" / 650B",160 mm,150 mm,Carbon Fiber
"2020 Pole Evolink v1.3 140/160 M ""The All-Round Beast""",2020,,2195,USD,Excellent - Lightly Ridden,M,"29""",160 mm,140 mm,Aluminium
2018 Knolly Warden small carbon,2018,Knolly,2041,CAD,Excellent - Lightly Ridden,S,"27.5"" / 650B",160 mm,155 mm,Carbon Fiber
2023 Norco Sight C1 29 Large,2023,Norco,3300,USD,Excellent - Lightly Ridden,L,"29""",160 mm,150 mm,Carbon Fiber
2016 Yeti SB6C X01  27.5,2016,Yeti,2000,USD,Excellent - Lightly Ridden,L,"27.5"" / 650B",160 mm,150 mm,Carbon Fiber
2021 Evil Wreckoning V3 - Custom Build,2021,Evil,3500,USD,Excellent - Lightly Ridden,L,"29""",170 mm,170 mm,Carbon Fiber
2019 Evil Wreckoning LB,2019,Evil,3445,USD,Excellent - Lightly Ridden,M,"29""",170 mm,160 mm,Carbon Fiber
2017 Transition Patrol,2017,Transition,1800,USD,Excellent - Lightly Ridden,M,"27.5"" / 650B",160 mm,155 mm,Aluminium
2020 Specialized Enduro Elite Large Mullet,2020,Specialized,3000,USD,"Good - Used, Mechanically Sound",L,"29""",180 mm,180 mm,Carbon Fiber
2021 Nukepoof Mega Elite 290,2021,,3400,USD,"Good - Used, Mechanically Sound",XL,"29""",170 mm,160 mm,Carbon Fiber
2021 Specialized S-Works Enduro,2021,Specialized,3700,USD,Excellent - Lightly Ridden,L,"29""",170 mm,170 mm,Carbon Fiber
2021 Ibis Mojo HD5,2021,Ibis,2000,USD,"Good - Used, Mechanically Sound",L,"27.5"" / 650B",170 mm,153 mm,Carbon Fiber
2023 Transition Spire Large - GX TRP Build,2023,Transition,3500,USD,Excellent - Lightly Ridden,L,"29""",170 mm,170 mm,Carbon Fiber
2021 Santa Cruz Nomad CC X01 DISCOUNTED!,2021,Santa Cruz,4250,USD,"Good - Used, Mechanically Sound",M,"27.5"" / 650B",170 mm,170 mm,Carbon Fiber
2022 Ibis Ripmo V2 Carbon - Bug Zapper Blue (Medium),2022,Ibis,3900,USD,"Good - Used, Mechanically Sound",M,"29""",160 mm,150 mm,Carbon Fiber
2018 Hightower LT,2018,,2187,CAD,Excellent - Lightly Ridden,XXL,"29""",160 mm,150 mm,Carbon Fiber
2022 Forbidden Druid (NEED GONE!),2022,Forbidden,5500,USD,Excellent - Lightly Ridden,XL,"29""",150 mm,130 mm,Carbon Fiber
2023 MONDRAKER FOXY R,2023,Mondraker,2900,USD,Excellent - Lightly Ridden,M,"29""",160 mm,150 mm,Aluminium
2022 WR1 UDH MX Arrival - Medium,2022,WR1,5468,CAD,"Good - Used, Mechanically Sound",M,"29""",170 mm,170 mm,Carbon Fiber
2021 Yeti SB130 sz M,2021,Yeti,4000,USD,Excellent - Lightly Ridden,M,"29""",160 mm,130 mm,Carbon Fiber
2013 Specialized S-Works Enduro medium,2013,Specialized,1400,USD,"Good - Used, Mechanically Sound",M,"26""",160 mm,170 mm,Carbon Fiber
2021 Trek Slash,2021,Trek,3900,USD,New - Unridden/With Tags,L,"29""",170 mm,160 mm,Carbon Fiber
2023 Rocky Mountain Altitude C70 Coil XL,2023,Rocky Mountain,3000,USD,"Good - Used, Mechanically Sound",XL,"29""",170 mm,160 mm,Carbon Fiber
"2018 Large Devinci Spartan, lots of new bits",2018,Devinci,2187,CAD,Excellent - Lightly Ridden,L,"27.5"" / 650B",170 mm,170 mm,Carbon Fiber
2021 Giant Advanced Pro 29 1,2021,Giant,2989,CAD,Excellent - Lightly Ridden,L,"29""",170 mm,150 mm,Carbon Fiber
2021 Commencal Meta AM 29 Öhlins Edition w/ Nice Upgrades,2021,Commencal,3000,USD,Excellent - Lightly Ridden,L,"29""",170 mm,160 mm,Aluminium
2023 Transition Spire M,2023,Transition,3900,USD,Excellent - Lightly Ridden,M,"29""",170 mm,170 mm,Carbon Fiber
2015 Cannondale Jekyll Team Carbon Medium (w/extras!),2015,Cannondale,2000,USD,"Good - Used, Mechanically Sound",M,"27.5"" / 650B",160 mm,160 mm,Carbon Fiber
2022 Specialized Stumpjumper Evo Mullet S2,2022,Specialized,3400,USD,"Good - Used, Mechanically Sound",S,"29""",160 mm,150 mm,Carbon Fiber
2023 Intense Tracer S,2023,Intense,3100,USD,"Good - Used, Mechanically Sound",L,"29""",170 mm,170 mm,Carbon Fiber
"2021 Specialized enduro comp, S5",2021,Specialized,2187,CAD,"Good - Used, Mechanically Sound",XL,"29""",170 mm,170 mm,Carbon Fiber
2022 Forbidden Dreadnaught - LARGE - Custom NERDS build,2022,Forbidden,4800,USD,Excellent - Lightly Ridden,L,"29""",160 mm,155 mm,Carbon Fiber
2021 L Ibis Ripmo AF Custom Build - See parts list,2021,Ibis,2100,USD,"Good - Used, Mechanically Sound",L,"29""",160 mm,150 mm,Aluminium
2023 Upgraded Cannondale Jekyll 1,2023,Cannondale,4750,USD,Excellent - Lightly Ridden,M,"29""",170 mm,170 mm,Carbon Fiber
2021 Nukeproof Mega 275 M,2021,Nukeproof,2500,USD,"Good - Used, Mechanically Sound",M,"27.5"" / 650B",180 mm,170 mm,Carbon Fiber
2018 Norco Range A3,2018,Norco,1454,CAD,Excellent - Lightly Ridden,XS,"27.5"" / 650B",160 mm,150 mm,Aluminium
2021 Forbidden Dreadnought  Large Mountain Bike Enduro,2021,Forbidden,3000,USD,"Good - Used, Mechanically Sound",L,"29""",170 mm,155 mm,Carbon Fiber
2021 Forbidden Druid XT,2021,Forbidden,2552,CAD,"Good - Used, Mechanically Sound",XL,"29""",150 mm,130 mm,Carbon Fiber
"2022 Custom Evil Wreckoning V3, Medium",2022,Evil,5000,USD,Excellent - Lightly Ridden,M,"29""",170 mm,160 mm,Carbon Fiber
2018 Scott Genius Tuned 700,2018,Scott,2000,USD,"Good - Used, Mechanically Sound",L,"27.5"" / 650B",150 mm,150 mm,Carbon Fiber
2020 Ibis Ripmo 2,2020,Ibis,4000,USD,Excellent - Lightly Ridden,L,"29""",160 mm,145 mm,Carbon Fiber
2022 Evil Wreckoning Large,2022,Evil,2800,USD,"Good - Used, Mechanically Sound",L,"29""",170 mm,170 mm,Carbon Fiber
2020 Rocky Mountain Slayer,2020,Rocky Mountain,2151,CAD,Excellent - Lightly Ridden,M,"29""",170 mm,170 mm,Aluminium
2018 Specialized Enduro pro 27.5,2018,Specialized,1823,CAD,"Good - Used, Mechanically Sound",S,"27.5"" / 650B",170 mm,170 mm,Carbon Fiber
2023 Brand New Orange Switch 6 XTR Fox Kashima,2023,,6999,USD,New - Unridden/With Tags,L,"27.5"" / 650B",160 mm,145 mm,Aluminium
2020 Transition Patrol Large,2020,Transition,2000,USD,"Good - Used, Mechanically Sound",L,"27.5"" / 650B",170 mm,160 mm,Carbon Fiber
2021 Specialized S-Works Enduro S5,2021,Specialized,3000,USD,Excellent - Lightly Ridden,XL,"29""",180 mm,,Carbon Fiber
2023 Rocky Mountain Altitude C70 Coil - Spring Clearance,2023,Rocky Mountain,4949,CAD,New - Unridden/With Tags,L,"29""",170 mm,160 mm,Carbon Fiber
2022 Trek Slash 8,2022,Trek,2200,USD,"Good - Used, Mechanically Sound",XL,"29""",170 mm,160 mm,Aluminium
2021 Transition Patrol Carbon,2021,Transition,5659,USD,Excellent - Lightly Ridden,M,"27.5"" / 650B",170 mm,160 mm,Carbon Fiber
2023 Size large pivot firebird,2023,Pivot,4000,USD,"Good - Used, Mechanically Sound",L,"29""",170 mm,160 mm,Carbon Fiber
2022 Yeti SB 130 T2,2022,Yeti,4300,USD,Excellent - Lightly Ridden,L,"29""",160 mm,130 mm,Carbon Fiber
2020 Specialized Enduro S-Works S3,2020,Specialized,4000,USD,Excellent - Lightly Ridden,M,"29""",170 mm,170 mm,Carbon Fiber
2016 Rocky Mountain Altitude 750 XL,2016,Rocky Mountain,875,CAD,"Good - Used, Mechanically Sound",XL,"27.5"" / 650B",160 mm,140 mm,Aluminium
Switchblade Pro XT/XTR Small,,,4700,USD,Excellent - Lightly Ridden,S,"29""",160 mm,143 mm,Carbon Fiber
2021 Rocky Mountain Altitude + Instinct (medium),2021,Rocky Mountain,3000,USD,"Good - Used, Mechanically Sound",M,"29""",170 mm,160 mm,Carbon Fiber
2021 YETI SB 130 LR,2021,Yeti,5000,USD,Excellent - Lightly Ridden,M,"29""",160 mm,200 mm,Carbon Fiber
2019 Fully upgraded kona process 153,2019,Kona,3000,USD,Excellent - Lightly Ridden,M,"27.5"" / 650B",160 mm,153 mm,Carbon Fiber
2022 Transition Spire - GX AXS - New Parts,2022,Transition,3300,USD,Excellent - Lightly Ridden,XL,"29""",170 mm,170 mm,Carbon Fiber
"2021 Mondraker Roxy Carbon R, Size Large",2021,Mondraker,2260,CAD,Excellent - Lightly Ridden,L,"29""",160 mm,150 mm,Carbon Fiber
2022 Niner Wfo Rdo  Size Small,2022,Niner,2900,USD,Excellent - Lightly Ridden,S,"29""",180 mm,180 mm,Carbon Fiber
2021 Custom S-works Specialized Enduro size S5,2021,Specialized,3500,USD,Excellent - Lightly Ridden,XL,"29""",170 mm,170 mm,Carbon Fiber
2023 Santacruz Megatower V2 XL,2023,,5832,CAD,Excellent - Lightly Ridden,XL,"29""",170 mm,170 mm,Carbon Fiber
2019 Custom Alchemy Arktos,2019,,3645,CAD,"Good - Used, Mechanically Sound",L,"27.5"" / 650B",160 mm,150 mm,Carbon Fiber
2021 Pivot Firebird Medium,2021,Pivot,2800,USD,Excellent - Lightly Ridden,M,"29""",170 mm,160 mm,Carbon Fiber
2018 Canyon Torque CF,2018,Canyon,3250,USD,Excellent - Lightly Ridden,S,"27.5"" / 650B",180 mm,180 mm,Carbon Fiber
Transition TR500 180mm,,Transition,1677,CAD,Excellent - Lightly Ridden,L,"27.5"" / 650B",180 mm,180 mm,Aluminium
2021 Rocky Mountain Altitude C70,2021,Rocky Mountain,2600,USD,Excellent - Lightly Ridden,L,"29""",170 mm,160 mm,Carbon Fiber
2023 NEW IN BOX!!  Scott Ransom Contessa 910,2023,Scott,3200,USD,New - Unridden/With Tags,S,"29""",170 mm,170 mm,Carbon Fiber
2023 Norco Sight A1,2023,Norco,2697,CAD,Excellent - Lightly Ridden,M,"29""",170 mm,150 mm,Aluminium
2018 Revel Rail,2018,Revel,2187,CAD,"Good - Used, Mechanically Sound",L,"27.5"" / 650B",170 mm,160 mm,Carbon Fiber
2021 Pivot Switchblade Pro XT/XTR Size XL,2021,Pivot,3645,CAD,Excellent - Lightly Ridden,XL,"29""",160 mm,143 mm,Carbon Fiber
2022 Santa Cruz Nomad,2022,Santa Cruz,3208,CAD,Excellent - Lightly Ridden,L,"27.5"" / 650B",,,Carbon Fiber
2020 Norco Sight C3,2020,Norco,1823,CAD,"Good - Used, Mechanically Sound",M,"29""",160 mm,150 mm,Carbon Fiber
2020 Specialized Enduro XL,2020,Specialized,3400,USD,"Good - Used, Mechanically Sound",XL,"29""",170 mm,170 mm,Carbon Fiber
2021 Transition Scout carbon Large,2021,Transition,3645,CAD,"Good - Used, Mechanically Sound",L,"27.5"" / 650B",160 mm,160 mm,Carbon Fiber
2020 Stumpjumper Evo carbon comp S2,2020,,2250,USD,Excellent - Lightly Ridden,M,"29""",160 mm,150 mm,Carbon Fiber
2018 Rocky Mountain Altitude C50 Large Custom Enduro,2018,Rocky Mountain,2552,CAD,Excellent - Lightly Ridden,L,"27.5"" / 650B",160 mm,150 mm,Carbon Fiber
2021 Chromag Rootdown,2021,Chromag,1750,CAD,Excellent - Lightly Ridden,L,"29""",160 mm,0 mm (Hardtail),Chromoly
2022 YETI SB165 T3  AXS,2022,Yeti,13500,USD,Excellent - Lightly Ridden,S,"27.5"" / 650B",180 mm,170 mm,Carbon Fiber
2023 Forbidden druid ( udh) Large,2023,Forbidden,2916,CAD,Excellent - Lightly Ridden,L,"29""",160 mm,130 mm,Carbon Fiber
2021 Jamis hardline c3 medium,2021,Jamis,2333,CAD,Excellent - Lightly Ridden,M,"27.5"" / 650B",160 mm,160 mm,Carbon Fiber
2021 Giant Reign Adv Pro 29 2,2021,Giant,2479,CAD,"Good - Used, Mechanically Sound",M,"29""",170 mm,150 mm,Carbon Fiber
2022 !!PRICE DROP!! YT JEFFSY CORE 2 AL,2022,YT,1800,USD,"Good - Used, Mechanically Sound",XL,"29""",150 mm,150 mm,Aluminium
"2020 Mach 5.5 XS 160mm, 140mm dw link",2020,,3200,USD,"Good - Used, Mechanically Sound",XS,"27.5"" / 650B",160 mm,140 mm,Carbon Fiber
2021 Pivot Firebird 29 Pro XT/XTR Medium,2021,Pivot,3900,USD,"Good - Used, Mechanically Sound",M,"29""",170 mm,160 mm,Carbon Fiber
2021 Propain Spindrift CF 29,2021,Propain,3400,USD,Excellent - Lightly Ridden,L,"29""",180 mm,180 mm,Carbon Fiber
2021 Propain Spindrift AL,2021,Propain,3500,USD,"Good - Used, Mechanically Sound",L,"29""",180 mm,180 mm,Aluminium
2022 Norco Sight Carbon Size L,2022,Norco,3500,USD,"Good - Used, Mechanically Sound",L,"29""",160 mm,160 mm,Carbon Fiber
2022 Santa Cruz Nomad,2022,Santa Cruz,4374,CAD,"Good - Used, Mechanically Sound",L,"29""",170 mm,170 mm,Carbon Fiber
2022 Rocky Mountain Altitude C90 Rally Edition,2022,Rocky Mountain,5030,CAD,Excellent - Lightly Ridden,L,"29""",170 mm,160 mm,Carbon Fiber
2015 Stumpjumper EVO Carbon Expert,2015,,1604,CAD,"Good - Used, Mechanically Sound",L,"27.5"" / 650B",170 mm,150 mm,Carbon Fiber
2021 XL Santa Cruz Megatower CC,2021,Santa Cruz,3500,USD,Excellent - Lightly Ridden,XL,"29""",160 mm,160 mm,Carbon Fiber
2017 Guerilla Gravity Megatrail [PRICE DROP],2017,Guerilla Gravity,1600,USD,"Good - Used, Mechanically Sound",M,"27.5"" / 650B",170 mm,160 mm,Aluminium
2022 Trek Remedy 9.8 Full Carbon Fiber L,2022,Trek,4800,USD,Excellent - Lightly Ridden,L,"27.5"" / 650B",160 mm,150 mm,Carbon Fiber
2023 Marin Alpine Trail carbon 2,2023,Marin,2697,CAD,Excellent - Lightly Ridden,M,"29""",,,Carbon Fiber
2018 Rocky Mountain Altitude C70 - Large,2018,Rocky Mountain,2697,CAD,"Good - Used, Mechanically Sound",L,"27.5"" / 650B",160 mm,150 mm,Carbon Fiber
2022 Haibike ALLMTN 5 E-BIKE-RIDDEN 5 TIMES BY 60's WIFE,2022,,2900,USD,Excellent - Lightly Ridden,L,"27.5"" / 650B",160 mm,150 mm,Aluminium
2018 Banshee Rune V2,2018,,2000,USD,Excellent - Lightly Ridden,L,"27.5"" / 650B",170 mm,160 mm,Aluminium
2019 Trek Slash 8,2019,Trek,2000,USD,"Good - Used, Mechanically Sound",M,"29""",160 mm,150 mm,Aluminium
2021 Pivot Switchblade Pro XT/XTR build Size XL,2021,Pivot,3900,USD,Excellent - Lightly Ridden,XL,"29""",160 mm,143 mm,Carbon Fiber
2023 Santa Cruz Nomad,2023,Santa Cruz,3500,USD,"Good - Used, Mechanically Sound",M,"29""",170 mm,170 mm,Carbon Fiber
2018 (PRICE DROP) Aluminum Knolly Warden,2018,Knolly,2078,CAD,"Good - Used, Mechanically Sound",M,"27.5"" / 650B",160 mm,153 mm,Aluminium
"Trek Slash 9.8, Large - Carbon Fiber Frame.",,Trek,2800,USD,"Good - Used, Mechanically Sound",L,"29""",160 mm,160 mm,Carbon Fiber
2019 Canyon Spectral CF 7.0,2019,Canyon,1690,USD,"Good - Used, Mechanically Sound",M,"27.5"" / 650B",160 mm,150 mm,Carbon Fiber
"2022 Scor 4060 LT size M custom, XO transmission build",2022,Scor,4999,USD,"Good - Used, Mechanically Sound",M,"29""",170 mm,160 mm,Carbon Fiber
2022 Knolly Warden 168 SMALL,2022,Knolly,3000,USD,Excellent - Lightly Ridden,S,"27.5"" / 650B",170 mm,170 mm,Aluminium
"2022 Guerrilla Gravity Gnarvana(V2) size 4, 2 shocks OBO",2022,,3000,USD,Excellent - Lightly Ridden,XL,"29""",160 mm,160 mm,Carbon Fiber
2023 Santa Cruz Megatower,2023,Santa Cruz,3500,USD,New - Unridden/With Tags,M,"29""",170 mm,160 mm,Carbon Fiber
2022 Santa Cruz Hightower V2 Custom Build,2022,Santa Cruz,5000,USD,Excellent - Lightly Ridden,M,"29""",150 mm,140 mm,Carbon Fiber
2019 Bronson c xx1 AXS medium. Extra 27.5 carbon wheelset..,2019,,6500,USD,Excellent - Lightly Ridden,M,"27.5"" / 650B",170 mm,160 mm,Carbon Fiber
2021 Alchemy Arktos 150,2021,,3200,USD,"Good - Used, Mechanically Sound",L,"29""",170 mm,150 mm,Carbon Fiber
2015 Santa Cruz Bronson v1,2015,Santa Cruz,1900,USD,"Good - Used, Mechanically Sound",L,"27.5"" / 650B",160 mm,150 mm,Aluminium
2020 Yeti SB165 Medium great condition - (REDUCED PRICE),2020,Yeti,3950,USD,Excellent - Lightly Ridden,M,"27.5"" / 650B",180 mm,160 mm,Carbon Fiber
2020 kona satori,2020,Kona,1312,CAD,Excellent - Lightly Ridden,S,"29""",140 mm,130 mm,Aluminium
2022 Norco Range XL (PRICE DROP),2022,Norco,3000,USD,"Good - Used, Mechanically Sound",XL,"29""",170 mm,170 mm,Carbon Fiber
2021 Revel Rail 27.5,2021,Revel,2500,USD,"Good - Used, Mechanically Sound",L,"27.5"" / 650B",170 mm,160 mm,Carbon Fiber
2024 YT Decoy MX Core 3,2024,YT,3500,USD,"Good - Used, Mechanically Sound",XL,"29""",170 mm,170 mm,Carbon Fiber
2023 Canfield Lithium Enduro-Large,2023,Canfield,3300,USD,Excellent - Lightly Ridden,L,"29""",170 mm,160 mm,Aluminium
2022 Transition Sentinel Carbon GX **NEW** Large,2022,Transition,4499,USD,New - Unridden/With Tags,L,"29""",160 mm,150 mm,Carbon Fiber
2017 INTENSE T275C PRO BUILD Tracer,2017,Intense,2172,CAD,Excellent - Lightly Ridden,M,"27.5"" / 650B",160 mm,160 mm,Carbon Fiber
2021 YT Capra with Upgrades,2021,YT,3800,USD,Excellent - Lightly Ridden,XL,"29""",170 mm,170 mm,Carbon Fiber
2019 Ebike Specialized Kenevo Expert Storm Grey,2019,Specialized,3500,USD,Excellent - Lightly Ridden,L,"27.5"" / 650B",180 mm,180 mm,Aluminium
Evil Following (need to sell ASAP),,Evil,3000,USD,"Good - Used, Mechanically Sound",M,"29""",130 mm,120 mm,Carbon Fiber
2024 XL Kona Process X CR,2024,Kona,3000,USD,New - Unridden/With Tags,XL,"29""",170 mm,170 mm,Carbon Fiber
2023 Kona Process X CR - Small - Complete Bike New-In-Box,2023,Kona,4250,USD,New - Unridden/With Tags,S,"29""",170 mm,160 mm,Carbon Fiber
2019 Norco Range,2019,Norco,2078,CAD,"Good - Used, Mechanically Sound",L,"27.5"" / 650B",180 mm,160 mm,Aluminium
2017 Specialized Rhyme Comp Carbon 6 Fattie,2017,Specialized,1968,CAD,"Good - Used, Mechanically Sound",S,"27.5"" / 650B",150 mm,150 mm,Carbon Fiber
